{"cameraMode":{"drawMode":0,"name":"Shaded","section":"Shading Mode"},"sceneLighting":true,"audioPlay":false,"sceneViewState":{"showFog":true,"showMaterialUpdate":false,"showSkybox":true,"showFlares":true,"showImageEffects":true,"showParticleSystems":true},"in2DMode":false,"pivot":{"x":0.20334982872009278,"y":66.24925994873047,"z":-2.630110502243042},"rotation":{"x":-0.01790839433670044,"y":0.877921998500824,"z":-0.032937489449977878,"w":-0.47733360528945925},"size":32.351112365722659,"orthographic":true}