{"cameraMode":{"drawMode":0,"name":"Shaded","section":"Shading Mode"},"sceneLighting":true,"audioPlay":false,"sceneViewState":{"showFog":true,"showMaterialUpdate":false,"showSkybox":true,"showFlares":true,"showImageEffects":true,"showParticleSystems":true},"in2DMode":false,"pivot":{"x":0.20346736907958985,"y":72.3125,"z":-2.6270904541015627},"rotation":{"x":0.07387302815914154,"y":-0.9255108833312988,"z":0.27961280941963198,"w":0.24451814591884614},"size":47.281951904296878,"orthographic":true}