{"cameraMode":{"drawMode":0,"name":"Shaded","section":"Shading Mode"},"sceneLighting":true,"audioPlay":false,"sceneViewState":{"showFog":true,"showMaterialUpdate":false,"showSkybox":true,"showFlares":true,"showImageEffects":true,"showParticleSystems":true},"in2DMode":false,"pivot":{"x":0.20346736907958985,"y":63.3125,"z":32.37290954589844},"rotation":{"x":0.0735648050904274,"y":-0.6595551371574402,"z":0.06510933488607407,"w":0.745208740234375},"size":77.9142074584961,"orthographic":true}