{"cameraMode":{"drawMode":0,"name":"Shaded","section":"Shading Mode"},"sceneLighting":false,"audioPlay":false,"sceneViewState":{"showFog":true,"showMaterialUpdate":false,"showSkybox":true,"showFlares":true,"showImageEffects":true,"showParticleSystems":true},"in2DMode":false,"pivot":{"x":-0.25,"y":61.536251068115237,"z":69.37290954589844},"rotation":{"x":0.07845450192689896,"y":-0.5645370483398438,"z":0.054019857197999957,"w":0.8198931217193604},"size":30.97939109802246,"orthographic":true}