{"cameraMode":{"drawMode":0,"name":"Shaded","section":"Shading Mode"},"sceneLighting":true,"audioPlay":false,"sceneViewState":{"showFog":true,"showMaterialUpdate":false,"showSkybox":true,"showFlares":true,"showImageEffects":true,"showParticleSystems":true},"in2DMode":false,"pivot":{"x":1.4471232891082764,"y":66.01839447021485,"z":-1.0485286712646485},"rotation":{"x":0.23717153072357179,"y":-0.44621962308883669,"z":0.12392695248126984,"w":0.8539789319038391},"size":4.829484462738037,"orthographic":true}