{"cameraMode":{"drawMode":0,"name":"Shaded","section":"Shading Mode"},"sceneLighting":true,"audioPlay":false,"sceneViewState":{"showFog":true,"showMaterialUpdate":false,"showSkybox":true,"showFlares":true,"showImageEffects":true,"showParticleSystems":true},"in2DMode":false,"pivot":{"x":-9.044508934020996,"y":15.15625,"z":180.9474639892578},"rotation":{"x":0.1664586365222931,"y":-0.18805894255638123,"z":0.03235863521695137,"w":0.9674081206321716},"size":45.86002731323242,"orthographic":true}